# entry	call_count	last_frame	exits (pc:kind,...)
0081F4	10444	1035632	00828F:0,0081F8:0
008290	1	995436	008301:0
008302	1	995448	00830B:0
00834E	44	1034184	0083A3:0
0083A4	19	1032061	008501:0
008452	2	1002029	008501:0
008502	4	1034237	00853B:0
0085AB	4	1034221	0085DA:0
0085DB	23	1034184	0085EE:0
0085EF	5	1035682	0085F9:0
0085FA	1	995423	00883C:0
00883D	1	1035733	00885D:0
00885E	20	1035737	00888F:0
008890	1	1024846	0088A9:0
0088E2	25920	1003602	0088EA:0
008918	2	1002016	008943:0
008959	2	1002016	0089EE:0
0089EF	3	1035633	008A09:0
008A60	21	1032061	008A95:0
008A96	15463	1034151	008A9D:0
008AC6	8048	1034151	008B1E:0,008ACC:0
008B1F	12078	1034151	008B2B:0
008B2C	2595	1034237	008B37:0
008B38	18716	1035632	008B3D:0
008B3E	10435	1035632	008B6C:0,008C92:0,008BB3:0
008CB7	2	1001410	008CD5:0
008CD6	2	1001410	008CF1:0
008D4B	2	1034152	008D54:0
008D55	5	1030593	008D5E:0
008D5F	9	1034211	008D90:0
008D9B	22	1024444	008DB1:0
008DB2	5	1030973	008DD2:0
008DD3	5	1030721	008DFD:0
008DFE	82	1033712	008E06:0
008E07	82	1033801	008E0F:0
008E10	8250	1035632	008E48:0
008E49	2379	1035632	00909B:0
008E59	4123	1035632	008EC5:0
008E69	2	1034270	008EC5:0
008F6B	4	1034221	008FA2:0
008FA3	2	1034270	00909B:0
00912F	32587	1035632	00913D:0
00913E	4083	1037492	00914C:0
00914D	693	1034270	009178:0
009179	17447	1035732	009196:0
0091B5	4	1034221	0091CB:0
0091CC	2818	1034269	0091F4:0,009205:0
009206	1409	1034268	009240:0
009241	21	1034184	00926A:0
00926B	23	1034269	00929D:0
0094C2	2604	1035632	0094EF:0
0094F0	2	995447	009534:0
00973D	4	1034223	009793:0
009794	4	1034223	0097A3:0
0097A4	21	1032061	0097B4:0
0097B5	1463	1034136	009800:0
009801	349	1034136	00984D:0
00984E	8056	1034151	009864:0,009878:0,009869:0
009879	14	1033666	0098D4:0,0099B4:0,0099E3:0,009902:0
0099FD	1	1011378	009A37:0
009A38	3	1011677	009AEA:0
009AEB	3	1011609	009B0E:0
009B0F	32	1032059	009B20:0
009B21	3	1011609	009B43:0
009B44	35	1032059	009B5C:0
009B5D	12	1033666	009B7F:0
009B80	40	1032059	009B85:0,009BD0:0
009BD1	8064	1034184	009C1D:0,009BE5:0,009CC3:0,009C8B:0,009C22:0,009CEC:0
009CED	19	1034152	009D35:0
009D36	2380	1035632	009D8B:0,009D4A:0,009E3C:0
009E3D	3646	1035632	009E47:0
009F6E	23175	1035632	009FC1:0
009FC2	115875	1035632	00A015:0,009FEA:0
00A873	17401	1035632	00A942:0
00A943	8237	1034151	00AA41:0
00AA42	2	1017517	00AA59:0
00AA5A	1002	1034136	00AA60:0,00AA88:0,00AA95:0
00AA96	875	1034136	00AAD9:0
00AADA	5837	1034136	00AB0A:0
00AB15	5837	1034136	00AB30:0
00AB31	25	1024444	00AB61:0
00AB62	2	1017517	00AB85:0
00AB86	3676	1035632	00AC7E:0,00AC69:0,00AB8A:0
00AC7F	2	1031976	00AC9C:0
00B11C	15469	1034150	00B122:0
00B176	15469	1034150	00B17D:0
00B30D	55	1033801	00B39F:0
00B3A0	55	1033810	00B3BA:0
00B3BB	6	1023840	00B403:0
00B404	44	1033666	00B41C:0
00B41D	5	1024974	00B435:0
00B44F	49	1033666	00B45A:0
00B45B	94	1033667	00B4DB:0
00B4DC	65	1029560	00B500:0
00B4E3	3314	1033667	00B500:0
00B670	3027	1033667	00B68C:0
00B6F3	10565	1033808	00B715:0
00B716	21130	1033809	00B73E:0,00B760:0
00B761	30932	1034151	00B76A:0,00B7CA:0,00B765:0
00B7CB	30932	1034151	00B7CF:0,00B80E:0
00B80F	15469	1034150	00B813:0,00B8AA:0
00B8AB	30932	1034151	00B8B1:0,00B8D8:0
00B8D9	8	1032035	00B947:0,00B8ED:0
00B948	30932	1034151	00B94C:0,00BA0B:0
00BA0C	14	1033811	00BB0E:0
00BB0F	3	1033666	00BB32:0
00BB6A	19898	1034151	00BDB1:0,00BB6F:0
00BDB2	426488	1034151	00BDF7:0
00BE10	8048	1034151	00BFDA:0,00BE15:0
00BFE5	355	1034129	00C00D:0
00C00E	13725	1034151	00C118:0,00C013:0
00C121	2	1002016	00C142:0
00C143	19	1032029	00C2BD:0,00C192:0
00C2BE	36	1032029	00C2EE:0
00C2EF	19	1032027	00C2FE:0
00C2FF	41178	1034151	00C30C:0
00C30D	180	1034129	00C329:0
00C32A	47	1033666	00C346:0
00C347	40968	1034151	00C356:0
00C357	83248	1034151	00C370:0
00C371	191	1032028	00C38C:0
00C38D	245	1032029	00C3F0:0
00C3F1	167	1032028	00C429:0
00C42A	202	1034129	00C435:0
00DB73	1296	1003602	00DBAD:0
00DBAE	240	1003602	00DBBF:0
00DBC0	240	1003146	00DBD3:0
00DBD4	2	1003026	00DBFB:0
00DFC6	6480	1003602	00E014:0
00E015	6480	1003602	00E076:0,00E020:0
00E1E0	1	995898	00E1EC:0
00E1ED	9	1033811	00E237:0
00E2A4	677	1033811	00E360:0,00E341:0
00E361	453	1024558	00E4AA:0
00E4AB	190	1030814	00E548:0
00E555	198	1033666	00E55B:0
00E7BA	1885	1034184	00E7C7:0
00E7EC	6	1030844	00E7F8:0
00E897	1	1024694	00E8E7:0
00E8E8	2	995442	00E923:0
00E8ED	1	1024694	00E923:0
00E9D1	2	1019079	00EA15:0
00EA16	2	1023482	00EA4D:0
00ED1F	1	1011378	00ED2E:0
00EE37	48	998480	00EE5D:0
00EF47	5	1024444	00EF9D:0
00EF9E	30932	1034151	00EFA2:0,00F03A:0
00F169	12	1030812	00F1B1:0
00F22F	8	1030974	00F2C8:0
00F2C9	3	1033811	00F379:0
00F37A	1	1033666	00F388:0
00F3A2	25	1024714	00F3BC:0
00F3BD	4	1024687	00F3D4:0
00F3D5	3	1024715	00F3EE:0
00F3EF	2613	1035632	00F408:0
00F409	2617	1035632	00F415:0
00F416	28	1024715	00F433:0
00F434	1	995463	00F519:0
00F51A	32	995463	00F534:0
00F535	40568	1037492	00F547:0,00F5FA:0
00F60F	4	1034221	00F626:0
00F627	21	1032035	00F634:0
00F635	1114	1031976	00F760:0,00F6CA:0
00F761	349	1034136	00F765:0,00F870:0,00F840:0
00F871	2177	1034136	00F8B0:0
00F8B1	833	1034136	00F923:0
00F924	1344	1032058	00F972:0
00F973	4	1034237	00FA95:0
00FA96	40	1032060	00FB4A:0
00FB4B	21	1032058	00FB94:0
00FB95	1344	1032058	00FBC3:0
00FBC4	309	1034136	00FC1E:0,00FC23:0,00FC75:0
00FC76	1113	1031977	00FCCC:0,00FD21:0
00FD22	1370	1034230	00FD67:0
00FD74	1370	1034230	00FE01:0
00FEBC	61	1032059	00FFAC:0
00FFAD	40	1032059	00FFB3:0
00FFB4	21	1032055	00FFBA:0
00FFBC	1	995434	00FFBF:1
01800C	1	995436	01800F:1
018010	40546	1037492	018013:1
01801C	1	1035682	01801F:1
018028	1036	1002014	01802B:1
01805E	40546	1037492	01806D:0
01806E	1036	1002014	018077:0
018078	1	995436	0180B1:0
0182BB	2	1035682	0182BF:0
01873A	1	995423	01873E:0
01873F	1	995436	018748:0
018749	1	995436	01874D:0
0187B4	3	995436	0187B8:0
019592	1	995436	0195CB:0
0195CC	1	995436	0195F7:0
01979B	1	995434	0197D2:0
019917	1	995436	019942:0
019924	1	995423	019942:0
019950	4	995435	01996C:0
019982	1	995435	0199B7:0
019AE9	1	995436	019B12:0
019B17	1	995436	019B60:0
01B9A0	3	995436	019012:0
01E69C	2	1001750	01E6F7:1
01E8BD	2	1001445	01E904:1
01E905	2	1001445	01E90B:0
01E90C	2	1001445	01E957:0
01E958	2	1001445	01E987:0
01E988	2	1001567	01E9CE:1
01E9D4	2	1001446	01EA68:1
01E9E1	10	1001865	01EA68:1
01EA69	6	1001567	01EA7C:0
01EAE1	2	1001418	01EBBE:1
01EBBF	2	1001442	01EBD1:1
01EBD2	2	1001444	01ED61:1
01F02F	10	1001864	01F057:1
01F112	1102	1002015	01F1A2:1
01FDF9	1102	1002015	01FE02:0
028003	607	1002015	02800D:1
02800E	607	1002015	028262:0,02897F:0,02C9DA:0,02A1BD:0,029F0D:0,02A1F2:0,028068:0,0282E0:0,02BEC1:0,02A410:0
028263	46	1001474	028294:0
0282B9	78	1002012	0282E0:0
0282E1	571	1002012	028301:0
028302	571	1002012	02831A:0
02831B	1102	1002014	028344:0
0283E1	8	1001446	028406:0
0284B2	2	1001655	028512:0
028513	493	1001883	02851D:0
02851E	637	1002011	028526:0
02852B	420	1001908	02855B:0
028560	8024	1002015	02857B:0
02857C	4	1001449	0285A6:0
0285D2	11022	1002015	0285EA:0
02860F	8	1001448	028641:0
028675	100	1001449	028699:0
02869A	1708	1002014	0286BE:0
0286BF	105	1001908	028715:0
028716	34	1001751	02873A:0
02875B	2	1001450	0287B0:0
0287B1	2	1001450	0287E2:0
0287E3	2	1001449	028825:0
028826	2	1001449	028857:0
028858	288	1001450	02889B:0
02886B	288	1001449	02889B:0
0288FB	575	1002012	0288FA:0
028905	1146	1002012	02892D:0
02892E	2	1001419	02897F:0
028980	2	1001418	02898E:0
02898F	2	1001419	02F939:0
0289D0	2	1001417	028A50:0
028A66	12	1001864	028A7B:0
028A7C	12	1001419	028699:0
028A89	8	1001795	028B1B:0
028B1C	2	1001449	028BC6:0
028B44	2	1001448	02DA72:0
028B7F	571	1002012	028BC6:0
028BC7	4	1001795	028BCB:0
028D2F	6	1001865	028BCB:0
028D35	10	1001865	0288FA:0
028DA8	12	1001794	028EA4:0
028EA5	12	1001794	028EC0:0
028EC1	14	1001794	028EC9:0
028ECA	2	1001448	029057:0
029058	2	1001447	02857B:0
029063	2	1001447	028641:0
029073	2	1001446	02909F:0
0290A0	74	1001446	0290C1:0
0290C2	2	1001450	0291D1:0
029132	10	1001450	029136:0
029137	2	1001446	028406:0
029150	2	1001447	029178:0
029179	17	1001744	0291A4:0
0291A9	8	1001450	0291D1:0
0291D2	2	1001446	028699:0
029286	1102	1002014	0292C9:0
0292CA	4	1001883	0292D5:0
02941A	1102	1002014	029432:0
029433	1102	1002014	029419:0,029415:0
02946B	635	1002011	029471:0
029472	635	1002011	02949A:0
02966D	635	1002011	029681:0
029682	635	1002011	0299F0:0,029757:0
0296C8	80	1002015	029A62:0
0296FA	78	1002012	0299B5:0,0297A4:0,029824:0,0296F8:0,0299C9:0,0299F0:0,02A2A0:0
029719	493	1001883	0299F0:0,0299B5:0,0299C9:0,02A2A0:0
029738	432	1002012	029756:0
029989	91	1002014	029A62:0
0299D3	100	1002015	029A62:0
0299DC	20	1001989	029A62:0
029A05	100	1002014	029A62:0
029A63	2	1001442	029AF3:0
029A8B	2	1001441	029AB6:0
029AF4	2	1001441	029CA0:0
029B59	117	1002014	029B76:0
029B77	357	1002014	029B90:0
029BB5	2	1001576	029CA0:0
029BBE	6	1001441	029CA0:0
029BC7	109	1002014	029CA0:0
029CA1	2	1001437	029CBE:0
029CD0	50	1001437	029D66:0
029D69	2	1001438	029D89:0
029D8A	10	1001438	029DCC:0
029DCD	20	1001438	029E9B:0
029E9C	2	1001422	029EAC:0
029FA4	96	1001422	02A06F:0
02A070	2	1001435	02A08D:0
02A08E	720	1001435	02A12B:0
02A12C	2	1001436	02A1BD:0
02A1D7	2	1001436	02A1F2:0
02A1F8	740	1001985	02A20B:0
02A20C	2	1001419	02A2A0:0
02A2A1	92	1002013	02A39D:0
02A39E	2	1001436	02A410:0
02A411	156	1001985	02A42E:0
02A42F	4	1001565	02A454:0
02A455	1136	1002013	02A490:0
02A491	13443	1002013	02A496:0
02A497	10593	1002013	02A4AB:0,02A4C7:0
02A49B	240	1001908	02A4AB:0
02A626	4240	1001985	02A781:0,02A6A3:0,02A64D:0,02A6BC:0,02A4AB:0,02A764:0,02A7F0:0,02A74F:0
02A765	70	1001908	02873A:0
02A811	1102	1002014	02A8EC:0,02A92C:0,02A82C:0
02A96B	2	1001450	02A98C:0
02AA63	2	1001450	02AA70:0
02ABD2	42	1002015	02ABDC:0
02ABF4	1102	1002015	02ABFF:0,02AC22:0
02AC23	1102	1002015	02AC54:0,02B8A1:0,02B20D:0
02ACAF	1102	1002015	02AD2D:0
02BAD2	1102	1002015	02BB0A:0
02BB0B	43232	1002015	02BB19:0
02BB1A	4408	1002015	02BB28:0
02BB29	1102	1002015	02BBE2:0
02BBE3	1102	1002015	02BC39:0
02BC4E	40	1002011	02BC56:0
02BC82	40	1002011	02BC8D:0
02BC8E	40	1002011	02BC9C:0
02BCAD	4	1001883	028512:0
02BCB2	6	1001874	028512:0
02BCC2	10	1001883	02BCD1:0
02BD43	1536	1001863	02BDAD:0
02BDAE	2	1001585	02BDD2:0
02BDD3	2	1001874	02BE55:0
02BEC2	13	1001908	02BED6:0
02BEDD	2	1001883	02BEEF:1
02BEF0	2	1001883	0293C4:0
02C02B	12	1001793	02C032:0
02C033	2	1001750	02C7F0:0
02C280	2	1001615	02C801:0
02C5B8	2	1001576	02C5BF:0
02C7F9	2	1001585	02C801:0
02C8A0	2	1001615	02C8A6:0
02C8A7	4	1001793	0293A7:0,02CADD:0
02C974	6	1001883	02C97E:0
02D069	2	1001750	02D06D:0
02DA73	5446	1002015	02DADB:0
02DAFE	5446	1002015	02DB14:0,02DBD9:0
02DC52	1038	1002015	02DCEC:0,02DC61:0,02DCE3:0
02DCED	5086	1002015	02DD98:0
02DDA5	5446	1002015	02DDDB:0,02DDD3:0,02DDD8:0
02DDDC	5510	1002015	02DE86:0,02E013:0
02E03A	5456	1002015	02E089:0
02E08A	2	1001449	02E0F0:0
02E107	24	1001883	02E115:0
02E116	2	1001419	02E1EC:0
02E1ED	10	1001419	02E24B:0
02E24C	1102	1002015	02E41B:0
02E41C	5510	1002015	02E504:0
02E505	1102	1002015	02E5D8:0
02E5D9	1102	1002015	02E62F:0
02E63D	1102	1002015	02E642:0
02E6ED	161	1001793	02E6FE:0
02E707	75	1001750	02E71D:0
02E71E	84	1001793	02E731:0
02E8D8	2	1001804	02E8DC:0
02E8DD	4	1001793	02E8E1:0
02E8E2	4	1001795	02E8E6:0
02E8F9	2	1001863	02E9A8:0
02E9A9	2	1001863	02E9F2:0
02EAC9	2	1001750	02E71D:0
02EB57	2	1001750	02F91D:0
02F316	2	1001750	02F4D5:0
02F35F	2	1001658	02F3CD:0
02F497	2	1001750	02F4B1:0
02F4D6	2	1001658	02F4E1:0
02F4F8	2	1001668	02F523:0
02F524	6	1001710	02F57D:0
02F57E	18	1001750	02BCD1:0,02F595:0
02F596	22	1001710	02BCD1:0,02F5A0:0
02F5DF	2	1001815	02F625:0
02F5E7	2	1001658	02F625:0
02F63B	6	1001710	02F694:0,02F672:0
02F699	75	1001750	02F6BB:0
02F8F3	2	1001750	02F91D:0
02FAF7	1173	1002015	02FB45:0,02FB6A:0
02FB6B	1102	1002015	02FB78:0,02FBD8:0
02FBE4	71	1001750	02FC94:0
02FD2B	71	1001749	02FE05:0
02FE14	2	1001657	02FF08:0
02FF09	4096	1001623	02FF1F:0,02FF1D:0
02FF20	2	1001657	02FFC0:0
02FF35	2	1001656	02FFC0:0
02FF42	4	1001656	02DA72:0
038000	2	1002015	038035:1
038006	5	1024694	03805E:1
03805F	11	1001907	038084:0
038085	103	1002015	038089:0
03808A	2	1002015	0387D7:0
038235	7	1024692	0382CA:0
0382CB	2	1001410	038378:0
038379	28	1001569	0383B8:0
0383B9	173	1024693	0383DF:0
0383E0	995	1024694	038406:0
038407	56	1001885	038442:0
038443	28	1001417	03845D:0
03845E	185	1024693	03847A:0
03847C	4	1001570	038481:0
03847D	12	1001546	038481:0
03847E	65	1024693	038481:0
03847F	42	1001573	038481:0
038483	14	1024694	038488:0
038484	18	1024694	038488:0
038485	25	1024694	038488:0
038486	32	1024694	038488:0
038489	129	1024693	0384E2:0
0384E3	8	1001569	0384FB:0
03850C	10	1001569	038519:0
03851A	4	1001570	038559:0
03855A	32	1001890	03855E:0
038564	4	1001416	038568:0
038569	34	1001885	038578:0
03858B	4	1001569	038592:0
0385BC	36	1001914	0385C7:0
0385C8	14	1001885	0385D8:0
038687	8	1001885	03A3E2:0,03BC30:0,03B09D:0
0387D8	2	1001909	038802:0
038803	2	1001913	0387FD:0
03880F	2	1001909	03883F:0
038929	2	1001417	038E98:0
038ECC	7	1024693	038FC9:0
038FCA	4	1001417	039488:0
039489	12	1001416	0394A7:0
0394A8	7	1024692	0395CD:0
0395CE	2	1001414	0395FB:0
039625	2	1001414	039676:0
039677	11	1001907	039740:0
039741	9	1001567	039787:0
039788	10	1001567	0397B2:0
0397B3	8	1001567	0397FC:0
0397FD	5	1024694	039836:0
039837	7	1024694	039D9D:0
039D9E	14	1024694	039DAA:0
039DAB	7	1024694	039DFD:0
039E20	21	1024694	039E26:0
039E27	28	1024694	039E2B:0
039E2C	14	1001885	039FD7:0
039FD8	14	1001885	039FFA:0
03A015	11	1001909	03A0F6:0,03A078:0
03A0F7	2	1001524	03A157:0
03A158	4	1001524	03A19F:0
03A1A0	2	1001525	03A27D:0
03A27E	6	1001524	03A2D8:0
03A2D9	2	1001524	03A370:0
03A3E3	9	1001567	03A4C7:0,03A4C2:0,03A462:0
03A4D9	2	1001544	03A58C:0
03A58D	6	1001544	03A5B1:0
03A5B2	2	1001545	03A713:0
03A714	2	1001544	03A74C:0
03A74D	4	1001544	03A777:0
03A778	2	1001544	03A7C0:0
03A81B	2	1001523	03A855:0
03A9FF	11	1001909	038089:0
03AAE2	9	1001567	03AB9C:0
03B0FF	2	1001570	03EC11:0
03B163	8	1001569	03B17F:0,03B18D:0
03B18E	2	1001568	03B19F:0
03B1A0	2	1001573	03B287:0
03B288	2	1001570	03B2D6:0
03B2FD	30	1001908	03B33E:0
03B68F	4	1001546	03B74B:0
03B74C	4	1001546	03B76E:0
03BBDE	4	1001547	03BBF1:0
03BBF2	4	1001545	03BC11:0
03BC12	4	1001545	03BC1D:0
03BC31	4	1001546	03BCC5:0
03BCCE	8	1001546	03BD3C:0
03BF0F	8	1001546	03BFC2:0
03C16C	2	1001890	03C407:0
03C408	4	1001890	03C430:0
03C987	6	1001569	03C99E:0
03C99F	4	1001569	03CA40:0
03CA41	8	1001569	03CA61:0
03CA62	8	1001569	03CA6D:0
03CA6E	13	1001908	03CB39:0
03CD2E	2	1001570	03D296:0
03D297	4	1001569	03D9EB:0
03D2AC	2	1001569	03D32D:0
03E030	12	1001570	03E043:0
03E100	4	1001569	03E132:0
03E133	4	1001569	03E147:0
03F18B	2	1001914	0395FB:0
03F4D8	7668	1001749	03F540:1,03F53E:1
03F541	2	1001804	03F554:1
03F555	4	1001793	03F569:1
03F56A	4	1001795	03F57E:1
03F680	575	1002012	03F6F4:1
03F6F5	10	1001450	03F712:1
03F719	78	1002015	03F735:0
03F741	78	1002015	03F76B:1,03F76D:1
03F76E	2	1001450	03F7BB:1
03F7CD	1142	1002015	03F7E7:1
03F902	1102	1002015	03F949:1
03FAC8	96	1001863	03FAD0:1
03FAE5	96	1001863	03FB5C:0
03FB9C	1102	1002015	03FC3B:1
03FC3E	1104	1002014	03FD47:1,03FD23:1
03FD48	1104	1002014	03FD52:0
03FDD0	1102	1002015	03FE02:1
03FE03	1102	1002014	03FE45:1
03FE46	2	1001450	03FEBD:1
03FEBE	1104	1002014	03FEE2:1
048000	1	1035682	048003:1
048004	49	1035732	048007:1
048008	1	1035682	048106:0
048107	49	1035732	04816E:0
04816F	16	1035732	0485E0:0,04817E:0
0485E1	26	1024444	048607:0
04861E	7	1034152	04864D:0
04864E	87	1035732	048682:0
13FF3A	2	1001909	13FF5E:1
13FFB4	11	1001908	13FFE5:1
14FD00	2	1035682	14FE62:1
14FD03	41582	1037492	14FD8F:1
14FD09	1	995436	14FF09:1
14FD0F	1	995423	14FF9C:1
14FD90	166332	1037492	14FDC8:0,14FDCF:0,14FDD8:0
14FE63	6	1035682	14FE78:0
14FFD6	1	995436	14FFF1:1
15B000	304	1034223	15B087:1
15B088	21	1032030	15B103:1,15B0BD:1
15B114	18	1032029	15B142:1
15B143	18	1032030	15B180:1
15B181	4	1034221	15B1DF:1
15B1E0	19895	1034151	15B2F9:1,15B1E4:1
15B30C	2604	1035632	15B31C:1,15B3AE:1
15B3DC	2604	1035632	15B4B6:1
15B4F9	2604	1035632	15B5EE:1
15B66F	2604	1035632	15B70E:1
15B70F	2604	1035632	15B815:1
15B8DD	2604	1035632	15B9CB:1
15B9CC	2604	1035632	15BB13:1
15BC2F	2604	1035632	15BD96:1
15C144	25	1034223	15C162:1
15C163	40551	1037492	15C16A:1,15C1F8:1
15C1F9	21	1032035	15C225:1
15C226	21	1032029	15C23C:1
15C23D	36670	1037492	15C23D:1
15C23E	1	995448	15C275:1
15C324	1	1011379	15C36E:1
15C38F	1	1011378	15C3BC:1
15C3BD	2754	1035631	15C3D9:1
15C3EA	2754	1035631	15C419:1
15C41A	15469	1034150	15C492:1
15C4CD	2061	1035631	15C4FC:1
15C505	2	1003025	15C522:1
15C6D5	25	1034221	15C6F3:1
15C6F4	1370	1034230	15C7E4:1,15C7D9:1,15C7C6:1,15C7AB:1,15C798:1
15C7E5	30932	1034151	15C7E9:1,15C826:1
15C827	25	1034222	15C84B:1
15C84C	10427	1035632	15C85B:1
15C87B	26	1034222	15C88A:1
15C88B	17550	1035632	15C88F:1,15C8DE:1
15C8DF	5	1035732	15C9A9:1
15C9AA	1	1035662	15CA1C:1
15CA1D	10444	1035632	15CA5D:1
15CA5E	40500	1037492	15CA84:1
15CA85	28	1035737	15CAB0:1
15CAB1	23	1032029	15CADB:1
15CADC	40547	1037492	15CB00:1
15CB01	21	1032061	15CB4E:1
15CB5F	16177	1034270	15CBCC:1,15CB6C:1
